State,Parliamentary Constituency,Parliamentary ConstituencyName,Parliamentary ConstituencyType,WinnerCandidate,WinnerParty,Winner%,WinnerVotes,Runner UpCandidate,Runner UpParty,Runner Up%,Runner UpVotes,Margin_%,Margin_Votes
Andaman and Nicobar Islands,1,Andaman & Nicobar Islands,GEN,Bishnu Pada Ray,BJP,50.60%,102436,Kuldeep Rai Sharma,INC,38.50%,78040,12.10%,24396
Andhra Pradesh[27],1,Araku,(ST),Gumma Thanuja Rani,YSRCP,40.96%,477005,Kothapalli Geetha,BJP,36.62%,426425,4.34%,50580
Andhra Pradesh[27],2,Srikakulam,GEN,Kinjarapu Ram Mohan Naidu,TDP,61.05%,754328,Perada Tilak,YSRCP,34.51%,426427,26.54%,327901
Andhra Pradesh[27],3,Vizianagaram,GEN,Appalanaidu Kalisetti,TDP,57.20%,743113,Bellana Chandra Sekhar,YSRCP,38.00%,493762,19.19%,249351
Andhra Pradesh[27],4,Visakhapatnam,GEN,Mathukumilli Bharat,TDP,65.42%,907467,Botsa Jhansi Lakshmi,YSRCP,29.07%,403220,36.35%,504247
Andhra Pradesh[27],5,Anakapalli,GEN,C. M. Ramesh,BJP,57.50%,762069,Budi Mutyala Naidu,YSRCP,35.13%,465539,22.37%,296530
Andhra Pradesh[27],6,Kakinada,GEN,Tangella Uday Srinivas,JSP,54.87%,729699,Chalamalasetti Sunil,YSRCP,37.62%,500208,17.26%,229491
Andhra Pradesh[27],7,Amalapuram,(SC),Ganti Harish Madhur,TDP,61.25%,796981,Rapaka Vara Prasada Rao,YSRCP,34.95%,454785,26.30%,342196
Andhra Pradesh[27],8,Rajahmundry,GEN,Daggubati Purandeswari,BJP,54.82%,726515,Guduri Srinivas,YSRCP,36.77%,487376,18,239139
Andhra Pradesh[27],9,Narasapuram,GEN,Bhupathi Raju Srinivasa Varma,BJP,57.46%,707343,Guduri Umabala,YSRCP,34.98%,430541,22.48%,276802
Andhra Pradesh[27],10,Eluru,GEN,Putta Mahesh Yadav,TDP,54%,746351,Karumuri Sunilkumar Yadav,YSRCP,40.84%,564494,13.16%,181857
Andhra Pradesh[27],11,Machilipatnam,GEN,Vallabhaneni Balashowry,JSP,55.22%,724439,Simhadri Chandrasekhar Rao,YSRCP,38.21%,501260,17.01%,223179
Andhra Pradesh[27],12,Vijayawada,GEN,Kesineni Sivanath,TDP,58.21%,794154,Kesineni Srinivas,YSRCP,37.53%,512069,20.68%,282085
Andhra Pradesh[27],13,Guntur,GEN,Chandra Sekhar Pemmasani,TDP,60.68%,864948,Kilari Venkata Rosaiah,YSRCP,36.50%,520253,24.18%,344695
Andhra Pradesh[27],14,Narasaraopet,GEN,Lavu Sri Krishna Devarayalu,TDP,53.88%,807996,Poluboina Anilkumar Yadav,YSRCP,43.23%,648267,10.65%,159729
Andhra Pradesh[27],15,Bapatla,(SC),Krishna Prasad Tenneti,TDP,55.16%,717493,Nandigam Suresh,YSRCP,39.17%,509462,15.99%,208031
Andhra Pradesh[27],16,Ongole,GEN,Magunta Sreenivasulu Reddy,TDP,49.35%,701894,Chevireddy Bhaskar Reddy,YSRCP,45.82%,651695,3.53%,50199
Andhra Pradesh[27],17,Nandyal,GEN,Byreddy Shabari,TDP,49.92%,701131,Pocha Brahmananda Reddy,YSRCP,41.95%,589156,7.97%,111975
Andhra Pradesh[27],18,Kurnool,GEN,Bastipati Nagaraju Panchalingala,TDP,49.51%,658914,B. Y. Ramaiah,YSRCP,41.15%,547616,8.39%,111298
Andhra Pradesh[27],19,Anantapur,GEN,Ambica G Lakshminarayana Valmiki,TDP,53.33%,768245,Malagundla Sankaranarayana,YSRCP,40.24%,579690,13.09%,188555
Andhra Pradesh[27],20,Hindupur,GEN,B. K. Parthasarathi,TDP,51.23%,725534,J. Shantha,YSRCP,41.88%,593107,9,132427
Andhra Pradesh[27],21,Kadapa,GEN,Y. S. Avinash Reddy,YSRCP,45.78%,605143,Chadipiralla Bhupesh Reddy,TDP,41.03%,542448,4.75%,62995
Andhra Pradesh[27],22,Nellore,GEN,Vemireddy Prabhakar Reddy,TDP,55.70%,766202,V. Vijaysai Reddy,YSRCP,37.82%,520300,17.88%,245902
Andhra Pradesh[27],23,Tirupati,(SC),Maddila Gurumoorthy,YSRCP,46,632228,Velagapalli Varaprasad Rao,BJP,44.67%,617659,1.06%,14569
Andhra Pradesh[27],24,Rajampet,GEN,P. V. Midhun Reddy,YSRCP,48.38%,644844,Kiran Kumar Reddy,BJP,42.67%,568773,5.71%,76071
Andhra Pradesh[27],25,Chittoor,(SC),Daggumalla Prasada Rao,TDP,54.84%,778071,N. Reddeppa,YSRCP,39.30%,557592,15.54%,220479
Arunachal Pradesh,1,Arunachal West,(ST),Kiren Rijiju,BJP,51.40%,205417,Nabam Tuki,INC,26.20%,104679,25.20%,100738
Arunachal Pradesh,2,Arunachal East,(ST),Tapir Gao,BJP,45.00%,145581,Bosiram Siram,INC,35.60%,115160,9.40%,30421
Assam,1,Kokrajhar,(ST),Joyanta Basumatary,UPPL,39.40%,488995,Kampa Borgoyari,BPF,35.20%,437412,4.20%,51583
Assam,2,Dhubri,GEN,Rakibul Hussain,INC,60.00%,1471885,Mohammed Badruddin Ajmal,AIUDF,18.70%,459409,41.30%,1012476
Assam,3,Barpeta,GEN,Phani Bhusan Choudhury,AGP,51.00%,860113,Deep Bayan,INC,37.80%,637762,13.20%,222351
Assam,4,Darrang–Udalguri,GEN,Dilip Saikia,BJP,47.90%,868387,Madhab Rajbangshi,INC,29.80%,539375,18.10%,329012
Assam,5,Guwahati,GEN,Bijuli Kalita Medhi,BJP,56.00%,894887,Mira Borthakur Goswami,INC,40.30%,643797,15.70%,251090
Assam,6,Diphu,(ST),Amarsing Tisso,BJP,49%,334620,J.I. Kathar,IND,27%,187017,22%,147603
Assam,7,Karimganj,GEN,Kripanath Mallah,BJP,47.50%,545093,Hafiz Rashid Ahmed Choudhury,INC,45.90%,526733,1.60%,18360
Assam,8,Silchar,(SC),Parimal Suklabaidya,BJP,59.90%,652405,Surya Kanta Sarkar,INC,35.60%,388094,24.30%,264311
Assam,9,Nagaon,GEN,Pradyut Bordoloi,INC,50.90%,788850,Suresh Borah,BJP,37.20%,576619,13.70%,212231
Assam,10,Kaziranga,GEN,Kamakhya Prasad Tasa,BJP,55.00%,897043,Roselina Tirkey,INC,39.80%,648096,15.20%,248947
Assam,11,Sonitpur,GEN,Ranjit Dutta,BJP,60.20%,775788,Premlal Ganju,INC,32.20%,414380,28.00%,361408
Assam,12,Lakhimpur,GEN,Pradan Baruah,BJP,54.70%,663122,Uday Shankar Hazarika,INC,38.10%,461865,16.60%,201257
Assam,13,Dibrugarh,GEN,Sarbananda Sonowal,BJP,54.30%,693762,Lurinjyoti Gogoi,AJP,32.40%,414441,21.90%,279321
Assam,14,Jorhat,GEN,Gaurav Gogoi,INC,54.00%,751771,Topon Kumar Gogoi,BJP,43.70%,607378,10.30%,144393
Bihar[28],1,Valmiki Nagar,GEN,Sunil Kumar,JD(U),47.50%,523422,Deepak Yadav,RJD,38.50%,424747,9%,98675
Bihar[28],2,Paschim Champaran,GEN,Sanjay Jaiswal,BJP,53.43%,580421,Madan Mohan Tiwari,INC,40.86%,443853,12.57%,136568
Bihar[28],3,Purvi Champaran,GEN,Radha Mohan Singh,BJP,50.50%,542193,Dr. Rajesh Kumar,VIP,42.28%,453906,8.22%,88287
Bihar[28],4,Sheohar,GEN,Lovely Anand,JD(U),45.15%,476612,Ritu Jaiswal,RJD,42.39%,447469,2.76%,29143
Bihar[28],5,Sitamarhi,GEN,Devesh Chandra Thakur,JD(U),47.14%,515719,Arjun Ray,RJD,42.45%,464363,4.69%,51356
Bihar[28],6,Madhubani,GEN,Ashok Kumar Yadav,BJP,53.85%,553428,Mohammad Ali Ashraf Fatmi,RJD,39.07%,401483,14.78%,151945
Bihar[28],7,Jhanjharpur,GEN,Ramprit Mandal,JD(U),48.73%,533032,Suman Kumar Mahaseth,VIP,31.90%,348863,16.83%,184169
Bihar[28],8,Supaul,GEN,Dileshwar Kamait,JD(U),48.33%,595038,Chandrahas Chaupal,RJD,34.54%,425235,13.79%,169803
Bihar[28],9,Araria,GEN,Pradeep Kumar Singh,BJP,47.91%,600146,Mohammed Shahnawaz Alam,RJD,46.31%,580052,1.60%,20094
Bihar[28],10,Kishanganj,GEN,Mohammad Jawed,INC,35%,402850,Mujahid Alam,JD(U),29.81%,343158,5.19%,59692
Bihar[28],11,Katihar,GEN,Tariq Anwar,INC,48.41%,567092,Dulal Chandra Goswami,JD(U),44.15%,517229,4.26%,49863
Bihar[28],12,Purnia,GEN,Pappu Yadav,Independent,47.46%,567556,Santosh Kumar,JD(U),45.47%,543709,1.99%,23847
Bihar[28],13,Madhepura,GEN,Dinesh Chandra Yadav,JD(U),52.96%,640649,Da Kumar Chandradeep,RJD,38.53%,466115,14.43%,174534
Bihar[28],14,Darbhanga,GEN,Gopal Jee Thakur,BJP,55.33%,566630,Lalit Kumar Yadav,RJD,37.93%,388474,17.40%,178156
Bihar[28],15,Muzaffarpur,GEN,Raj Bhushan Choudhary,BJP,55.71%,619749,Ajay Nishad,INC,34.59%,384822,21.12%,234927
Bihar[28],16,Vaishali,GEN,Veena Devi,LJP(RV),48.38%,567043,Vijay Kumar Shukla,RJD,40.73%,477409,7.65%,89634
Bihar[28],17,Gopalganj,(SC),Alok Kumar Suman,JD(U),48.15%,511866,Prem Nath Chanchal Alias Chanchal Paswan,VIP,36.19%,384686,11.19%,127180
Bihar[28],18,Siwan,GEN,Vijay Lakshmi Devi,JD(U),38.73%,386508,Hena Shahab,Independent,29.42%,293651,9.31%,92857
Bihar[28],19,Maharajganj,GEN,Janardan Singh Sigriwal,BJP,52.22%,529533,Aakash Kumar Singh,INC,42.09%,426882,10.13%,102651
Bihar[28],20,Saran,GEN,Rajiv Pratap Rudy,BJP,46.18%,471752,Rohini Acharya,RJD,44.84%,458091,1.34%,13661
Bihar[28],21,Hajipur,(SC),Chirag Paswan,LJP(RV),53.29%,615718,Shiv Chandra Ram,RJD,38.57%,445613,14.72%,170105
Bihar[28],22,Ujiarpur,GEN,Nityanand Rai,BJP,49.51%,515965,Alok Kumar Mehta,RJD,43.75%,455863,5.76%,60102
Bihar[28],23,Samastipur,(SC),Shambhavi,LJP(RV),52.97%,579786,Sunny Hazari,INC,35.86%,392535,17.11%,187251
Bihar[28],24,Begusarai,GEN,Giriraj Singh,BJP,50.15%,649331,Abdhesh Kumar Roy,CPI(M),43.86%,567851,6.29%,81480
Bihar[28],25,Khagaria,GEN,Rajesh Verma,LJP(RV),50.73%,538657,Sanjay Kumar,CPI(M),35.55%,377526,15.18%,161131
Bihar[28],26,Bhagalpur,GEN,Ajay Kumar Mandal,JD(U),50.38%,536031,Ajeet Sharma,INC,40.52%,431163,9.86%,104868
Bihar[28],27,Banka,GEN,Giridhari Yadav,JD(U),49.96%,506678,Jai Prakash Narayan Yadav,RJD,39.72%,402834,10.24%,103834
Bihar[28],28,Munger,GEN,Rajeev Ranjan Singh Alias Lalan Singh,JD(U),48.30%,550146,Kumari Anita,RJD,41.20%,469276,7.10%,80870
Bihar[28],29,Nalanda,GEN,Kaushalendra Kumar,JD(U),48.88%,559422,Sandeep Saurav,CPI(ML)L,34.11%,390308,14.77%,169114
Bihar[28],30,Patna Sahib,GEN,Ravi Shankar Prasad,BJP,54.70%,588270,Anshul Avijit,INC,40.39%,434424,14.31%,153846
Bihar[28],31,Pataliputra,GEN,Misha Bharti,RJD,49.86%,613283,Ram Kripal Yadav,BJP,42.93%,528109,6.93%,85174
Bihar[28],32,Arrah,GEN,Sudama Prasad,CPI(ML)L,48.28%,529382,R. K. Singh,BJP,42.82%,469574,5.46%,59808
Bihar[28],33,Buxar,GEN,Sudhakar Singh,RJD,40.82%,438345,Mithlesh Tiwari,BJP,38.02%,408254,2.80%,30091
Bihar[28],34,Sasaram,(SC),Manoj Kumar,INC,46.76%,513004,Shivesh Kumar,BJP,45.01%,493847,1.75%,19157
Bihar[28],35,Karakat,GEN,Raja Ram Singh Kushwaha,CPI(ML)L,36.89%,380581,Pawan Singh,Independent,26.63%,274723,10.26%,105858
Bihar[28],36,Jahanabad,GEN,Surendra Prasad Yadav,RJD,47.88%,443035,Chandeshwar Prasad,JD(U),32.47%,300444,15.41%,142591
Bihar[28],37,Aurangabad,GEN,Abhay Kumar Sinha,RJD,49.22%,465567,Sushil Kumar Singh,BJP,40.86%,386456,8.36%,79111
Bihar[28],38,Gaya,(SC),Jitan Ram Manjhi,HAM(S),51.36%,494960,Kumar Sarvjeet,RJD,40.80%,393148,10.56%,101812
Bihar[28],39,Nawada,GEN,Vivek Thakur,BJP,47.20%,410608,Shrawan Kumar,RJD,39.42%,342938,7.78%,67670
Bihar[28],40,Jamui,(SC),Arun Bharti,LJP(RV),51.98%,509046,Archana Kumari,RJD,40.50%,396564,11.48%,112482
Chandigarh,1,Chandigarh,GEN,Manish Tewari,INC,48.23%,216657,Sanjay Tandon,BJP,47.66%,214153,0.57%,2504
Chhattisgarh,1,Sarguja,(ST),Chintamani Maharaj,BJP,49.01%,713200,Shashi Singh,INC,44.55%,648328,4.46%,64822
Chhattisgarh,2,Raigarh,(ST),Radheshyam Rathiya,BJP,55.63%,808275,Menka Devi Singh,INC,39.08%,567884,16.55%,240391
Chhattisgarh,3,Janjgir-Champa,(SC),Kamlesh Jangre,BJP,48.71%,678199,Shivkumar Dahariya,INC,44.40%,618199,4.31%,60000
Chhattisgarh,4,Korba,GEN,Jyotsna Mahant,INC,46.53%,570182,Saroj Pandey,BJP,43.00%,526899,3.53%,43283
Chhattisgarh,5,Bilaspur,GEN,Tokhan Sahu,BJP,53.25%,724937,Devender Singh Yadav,INC,41.16%,560379,12.09%,164558
Chhattisgarh,6,Rajnandgaon,GEN,Santosh Pandey,BJP,49.25%,712057,Bhupesh Baghel,INC,46.18%,667646,3.07%,44411
Chhattisgarh,7,Durg,GEN,Vijay Baghel,BJP,62.00%,956497,Rajendra Sahu,INC,33.59%,518271,28.41%,438226
Chhattisgarh,8,Raipur,GEN,Brijmohan Agrawal,BJP,66.19%,1050351,Vikas Upadhyay,INC,29.94%,475066,36.25%,575285
Chhattisgarh,9,Mahasamund,GEN,Roop Kumari Choudhary,BJP,53.06%,703659,Tamradhwaj Sahu,INC,42.09%,558203,10.97%,145456
Chhattisgarh,10,Bastar,(ST),Mahesh Kashyap,BJP,45.50%,458398,Kawasi Lakhma,INC,40.02%,403153,5.48%,55245
Chhattisgarh,11,Kanker,(ST),Bhojraj Nag,BJP,47.23%,597624,Biresh Thakur,INC,47.08%,595740,0.15%,1884
Dadra and Nagar Haveli and Daman and Diu,1,Daman And Diu,GEN,Patel Umeshbhai Babubhai,Independent,46.02%,42523,Lalubhai Babubhai Patel,BJP,39.28%,36298,6.74%,6225
Dadra and Nagar Haveli and Daman and Diu,2,Dadra And Nagar Haveli,(ST),Delkar Kalaben Mohanbhai,BJP,58.89%,121074,Ajit Ramjibhai Mahala,INC,30.88%,63490,28.01%,57584
Delhi[29],1,Chandni Chowk,GEN,Praveen Khandelwal,BJP,53.46%,516496,Jai Prakash Agarwal,INC,44.22%,427171,9.24%,89325
Delhi[29],2,North East Delhi,GEN,Manoj Tiwari,BJP,53.10%,824451,Kanhaiya Kumar,INC,44.16%,685673,8.94%,138778
Delhi[29],3,East Delhi,GEN,Harsh Malhotra,BJP,52.59%,664819,Kuldeep Kumar (Monu),AAP,45.18%,571156,7.41%,93663
Delhi[29],4,New Delhi,GEN,Bansuri Swaraj,BJP,53.48%,453185,Somnath Bharti,AAP,44.23%,374815,9.25%,78370
Delhi[29],5,North West Delhi,(SC),Yogender Chandoliya,BJP,58.26%,866483,Udit Raj,INC,38.71%,575634,19.71%,290849
Delhi[29],6,West Delhi,GEN,Kamaljeet Sehrawat,BJP,55.27%,842658,Mahabal Mishra,AAP,42.22%,643645,13.05%,199013
Delhi[29],7,South Delhi,GEN,Ramvir Singh Bidhuri,BJP,53.46%,692832,Sahi Ram,AAP,43.87%,568499,9.59%,124333
Goa[30],1,North Goa,GEN,Shripad Yesso Naik,BJP,56.43%,257326,Ramakant Khalap,INC,30.99%,141311,25.44%,116015
Goa[30],2,South Goa,GEN,Captain Viriato Fernandes,INC,48.35%,217836,Pallavi Shrinivas Dempo,BJP,45.35%,204301,3%,13535
Gujarat[31],1,Kachchh,(SC),Vinodbhai Chavda,BJP,60.23%,659574,Nitishbhai Lalan,INC,35.68%,390792,25,268782
Gujarat[31],2,Banaskantha,GEN,Geniben Thakor,INC,48.83%,671883,Rekhaben Hiteshbhai Chaudhary,BJP,46.62%,641477,2.20%,30406
Gujarat[31],3,Patan,GEN,Bharatsinhji Dabhi,BJP,49.61%,591947,Chandanji Thakor,INC,46.94%,560071,2.67%,31876
Gujarat[31],4,Mahesana,GEN,Haribhai Patel,BJP,63.74%,686406,Ramji Thakor (Palvi),INC,33.28%,358360,30.46%,328046
Gujarat[31],5,Sabarkantha,GEN,Shobhnaben Mahendrasinh Baraiya,BJP,53.36%,677318,Tushar Chaudhary,INC,40.85%,521636,12.19%,155682
Gujarat[31],6,Gandhinagar,GEN,Amit Shah,BJP,76.48%,1010972,Sonal Patel,INC,20.13%,266256,56.34%,744716
Gujarat[31],7,Ahmedabad East,GEN,Hasmukh Patel,BJP,68.28%,770459,Himmatsinh Patel,INC,27.36%,308704,40.92%,461755
Gujarat[31],8,Ahmedabad West,(SC),Dineshbhai Kodarbhai Makwana,BJP,63.28%,611704,Bharat Makwana,INC,33.65%,325267,29.63%,286437
Gujarat[31],9,Surendranagar,GEN,Chandubhai Chhaganbhai Shihora,BJP,59.20%,669749,Rutvik Makwana,INC,36.07%,408132,23.12%,261617
Gujarat[31],10,Rajkot,GEN,Parshottam Rupala,BJP,67.37%,857984,Paresh Dhanani,INC,29.35%,373724,38.02%,484260
Gujarat[31],11,Porbandar,GEN,Mansukh Mandaviya,BJP,68.15%,633118,Lalitbhai Vasoya,INC,26.88%,249758,41.27%,383360
Gujarat[31],12,Jamnagar,GEN,Poonamben Maadam,BJP,58.98%,620049,J.P Marvia,INC,36.34%,382041,22.64%,238008
Gujarat[31],13,Junagadh,GEN,Rajesh Chudasama,BJP,54.67%,584049,Hirabhai Jotva,INC,41.99%,448555,12.68%,135494
Gujarat[31],14,Amreli,GEN,Bharatbhai Manubhai Sutariya,BJP,66.28%,580872,Jennyben Thummar,INC,29.64%,259804,36.63%,321068
Gujarat[31],15,Bhavnagar,GEN,Nimuben Jayantibhai Bambhania,BJP,68.46%,716883,Umesh Makwana,AAP,24.98%,261594,43.48%,455289
Gujarat[31],16,Anand,GEN,Mitesh Rameshbhai Patel,BJP,52.44%,612484,Amitbhai Chavda,INC,44.74%,522545,7.70%,89939
Gujarat[31],17,Kheda,GEN,Devusinh Jesingbhai Chauhan,BJP,63.31%,744435,Kalusinh Dabhi,INC,32.88%,386677,30.42%,357758
Gujarat[31],18,Panchmahal,GEN,Rajpalsinh Mahendrasinh Jadhav,BJP,70.22%,794579,Gulabsinh Chaudhan,INC,25.21%,285237,45.01%,509342
Gujarat[31],19,Dahod,(ST),Jasvantsinh Sumanbhai Bhabhor,BJP,61.59%,688715,Prabhaben Taviyad,INC,31.75%,355038,29.84%,333677
Gujarat[31],20,Vadodara,GEN,Hemang Yogeshchandra Joshi,BJP,72.04%,873189,Jashpalsinh Padhiyar,INC,24.01%,291063,48.02%,582126
Gujarat[31],21,Chhota Udaipur,(ST),Jashubhai Bhilubhai Rathva,BJP,62.84%,796589,Sukhrambhai Rathwa,INC,31.38%,397812,31.46%,398777
Gujarat[31],22,Bharuch,GEN,Mansukhbhai Vasava,BJP,50.72%,608157,Chaitar Vasava,AAP,43.58%,522461,7.15%,85696
Gujarat[31],23,Bardoli,(ST),Parbhubhai Vasava,BJP,57.04%,763950,Siddharth Chaudhary,INC,39.85%,533697,17.19%,230253
Gujarat[31],24,Surat,GEN,Mukesh Dalal,BJP,,,,,,,,
Gujarat[31],25,Navsari,GEN,C. R. Patil,BJP,77.05%,1031065,Naishadh Desai,INC,19.24%,257514,57.80%,773551
Gujarat[31],26,Valsad,(ST),Dhaval Laxmanbhai Patel,BJP,56.13%,764226,Anantbhai Patel,INC,40.66%,553522,15.48%,210704
Haryana[32],1,Ambala,(SC),Varun Chaudhary,INC,49.28%,663657,Banto Kataria,BJP,45.64%,614621,3.64%,49036
Haryana[32],2,Kurukshetra,GEN,Naveen Jindal,BJP,44.96%,542175,Dr. Sushil Gupta,AAP,42.55%,513154,2.41%,29021
Haryana[32],3,Sirsa,(SC),Selja Kumari,INC,54.17%,733823,Ashok Tanwar,BJP,34.35%,465326,19.82%,268497
Haryana[32],4,Hisar,GEN,Jai Parkash,INC,48.58%,570424,Ranjit Singh Chautala,BJP,43.19%,507043,5.39%,63381
Haryana[32],5,Karnal,GEN,Manohar Lal Khattar,BJP,54.93%,739285,Divyanshu Budhiraja,INC,37.65%,506708,17.28%,232577
Haryana[32],6,Sonipat,GEN,Satpal Brahamchari,INC,48.82%,548682,Mohan Lal Badoli,BJP,46.88%,526866,1.94%,21816
Haryana[32],7,Rohtak,GEN,Deepender Singh Hooda,INC,62.76%,783578,Dr. Arvind Kumar Sharma,BJP,35.11%,438280,27.65%,345298
Haryana[32],8,Bhiwani–Mahendragarh,GEN,Dharambir Singh Chaudhary,BJP,49.74%,588664,Rao Dan Singh,INC,46.24%,547154,3.50%,41510
Haryana[32],9,Gurgaon,GEN,Rao Inderjit Singh,BJP,50.48%,808336,Raj Babbar,INC,45.79%,733257,4.69%,75079
Haryana[32],10,Faridabad,GEN,Krishan Pal Gurjar,BJP,53.60%,788569,Mahender Pratap Singh,INC,41.84%,615655,11.76%,172914
Himachal Pradesh[33],1,Kangra,GEN,Rajeev Bhardwaj,BJP,61.03%,632793,Anand Sharma,INC,36.74%,380898,24.29%,251895
Himachal Pradesh[33],2,Mandi,GEN,Kangana Ranaut,BJP,52.87%,537022,Vikramaditya Singh,INC,45.51%,462267,7.36%,74755
Himachal Pradesh[33],3,Hamirpur,GEN,Anurag Thakur,BJP,57.97%,607068,Satpal Raizada,INC,40.55%,424711,17.42%,182357
Himachal Pradesh[33],4,Shimla,(SC),Suresh Kumar Kashyap,BJP,53.58%,519748,Vinod Sultanpuri,INC,44.16%,428297,9.42%,91451
Jammu and Kashmir[34],1,Baramulla,GEN,Abdul Rashid Sheikh,Independent,45.70%,472481,Omar Abdullah,JKNC,25.95%,268339,19.75%,204142
Jammu and Kashmir[34],2,Srinagar,GEN,Aga Syed Ruhullah Mehdi,JKNC,52.85%,356866,Waheed Ur Rehman Para,JKPDP,24.95%,168450,27.90%,188416
Jammu and Kashmir[34],3,Anantnag-Rajouri,GEN,Mian Altaf Ahmed Larvi,JKNC,50.85%,521836,Mehbooba Mufti,JKPDP,23.39%,240042,27.46%,281794
Jammu and Kashmir[34],4,Udhampur,GEN,Dr. Jitendra Singh,BJP,51.28%,571076,Chaudhary Lal Singh,INC,40.11%,446703,11.17%,124373
Jammu and Kashmir[34],5,Jammu,GEN,Jugal Kishore Sharma,BJP,52.80%,687588,Raman Bhalla,INC,42.40%,552090,10.40%,135498
Jharkhand[35],1,Rajmahal,(ST),Vijay Kumar Hansdak,JMM,50.35%,613371,Tala Marandi,BJP,35.72%,435107,14.63%,178264
Jharkhand[35],2,Dumka,(ST),Nalin Soren,JMM,46.23%,547370,Sita Murmu,BJP,44.32%,524843,1.91%,22527
Jharkhand[35],3,Godda,GEN,Nishikant Dubey,BJP,49.57%,693140,Pradeep Yadav,INC,42.29%,591327,7.28%,101813
Jharkhand[35],4,Chatra,GEN,Kali Charan Singh,BJP,52.89%,574556,Krishna Nand Tripathy,INC,32.55%,353597,17.34%,220959
Jharkhand[35],5,Kodarma,GEN,Annpurna Devi,BJP,57.79%,791657,Vinod Kumar Singh,CPI(ML)L,30.27%,414643,27.52%,377014
Jharkhand[35],6,Giridih,GEN,Chandra Prakash Choudhary,AJSU,35.67%,451139,Mathura Prasad Mahato,JMM,29.27%,370259,6.40%,80880
Jharkhand[35],7,Dhanbad,GEN,Dulu Mahato,BJP,55.26%,789172,Anupama Singh,INC,32.04%,457589,23.22%,331583
Jharkhand[35],8,Ranchi,GEN,Sanjay Seth,BJP,45.91%,664732,Yashaswini Sahay,INC,37.59%,544220,8.32%,120512
Jharkhand[35],9,Jamshedpur,GEN,Bidyut Baran Mahato,BJP,56.84%,726174,Samir Kumar Mohanty,JMM,36.50%,466392,20.34%,259782
Jharkhand[35],10,Singhbhum,(SC),Joba Majhi,JMM,51.62%,520164,Geeta Kora,BJP,34.91%,351762,16.71%,168402
Jharkhand[35],11,Khunti,(ST),Kali Charan Munda,INC,54.62%,511647,Arjun Munda,BJP,38.64%,361972,15.98%,149675
Jharkhand[35],12,Lohardaga,(ST),Sukhdeo Bhagat,INC,49.95%,483038,Samir Oraon,BJP,35.56%,343900,14.39%,139138
Jharkhand[35],13,Palamau,(SC),Vishnu Dayal Ram,BJP,55.39%,770362,Mamata Bhuiyan,RJD,34.63%,481555,20.76%,288807
Jharkhand[35],14,Hazaribagh,GEN,Manish Jaiswal,BJP,51.76%,654613,Jai Prakash Bhai Patel,INC,29.88%,377927,21.88%,276686
Karnataka[36],1,Chikkodi,GEN,Priyanka Jarkiholi,INC,51.21%,713461,Annasaheb Shankar Jolle,BJP,44.69%,622627,6.52%,90834
Karnataka[36],2,Belgaum,GEN,Jagadish Shettar,BJP,55.06%,762029,Mrinal Hebbalkar,INC,42.17%,583592,12.89%,178437
Karnataka[36],3,Bagalkot,GEN,Gaddigoudar Parvatagouda Chandanagouda,BJP,50.93%,671039,Samyukta Shivanand Patil,INC,45.74%,602640,5.19%,68399
Karnataka[36],4,Bijapur,(SC),Ramesh Jigajinagi,BJP,51.91%,672781,Raju Alagur,INC,45.95%,595552,5.96%,77229
Karnataka[36],5,Gulbarga,(SC),Radhakrishna Doddamani,INC,49.78%,652321,Umesh. G. Jadhav,BJP,47.70%,625116,2.08%,27205
Karnataka[36],6,Raichur,(ST),G. Kumar Naik,INC,51.63%,670966,Raja Amareshwara Naik,BJP,45.49%,591185,6.14%,79781
Karnataka[36],7,Bidar,GEN,Sagar Eshwar Khandre,INC,53.63%,666317,Bhagwant Khuba,BJP,43.26%,537442,10.37%,128875
Karnataka[36],8,Koppal,GEN,K. Rajashekhar Basavaraj Hitnal,INC,49.93%,663511,Basavaraj K. Sharanappa,BJP,46.44%,617154,3.49%,46357
Karnataka[36],9,Bellary,(ST),E. Tukaram,INC,52.58%,730845,B. Sreeramulu,BJP,45.46%,631853,7.12%,98992
Karnataka[36],10,Haveri,GEN,Basavaraj Bommai,BJP,50.55%,705538,Anandswamy Gaddadevarmath,INC,47.43%,662025,3.12%,43513
Karnataka[36],11,Dharwad,GEN,Prahlad Joshi,BJP,52.41%,716231,Vinod Asooti,INC,45.29%,618907,7.12%,97324
Karnataka[36],12,Uttara Kannada,GEN,Vishweshwar Hegde Kageri,BJP,61.97%,782495,Anjali Nimbalkar,INC,35.25%,445067,26.72%,337428
Karnataka[36],13,Davanagere,GEN,Prabha Mallikarjun,INC,47.95%,633059,Gayithri Siddeshwara,BJP,45.97%,606965,1.98%,26094
Karnataka[36],14,Shimoga,GEN,B. Y. Raghavendra,BJP,56.54%,778721,Geetha Shivarajkumar,INC,38.85%,535006,17.69%,243715
Karnataka[36],15,Udupi Chikmagalur,GEN,Kota Srinivas Poojary,BJP,59.56%,732234,K. Jayaprakash Hegde,INC,38.48%,473059,21.08%,259175
Karnataka[36],16,Hassan,GEN,Shreyas M. Patel,INC,49.67%,672988,Prajwal Revanna,JD(S),46.52%,630339,3.15%,42649
Karnataka[36],17,Dakshina Kannada,GEN,Brijesh Chowta,BJP,53.97%,764132,Padmaraj R. Poojary,INC,43.43%,614924,10.54%,149208
Karnataka[36],18,Chitradurga,(SC),Govind Makthappa Karjol,BJP,50.11%,684890,B. N. Chandrappa,INC,46.58%,636769,3.53%,48121
Karnataka[36],19,Tumkur,GEN,V. Somanna,BJP,55.31%,720946,S. P. Muddahanumegowda,INC,41.84%,545352,13.47%,175594
Karnataka[36],20,Mandya,GEN,H. D. Kumaraswamy,JD(S),58.34%,851881,Venkataramane Gowda,INC,38.85%,567261,19.49%,284620
Karnataka[36],21,Mysore,GEN,Yaduveer Krishnadatta Chamaraja Wadiyar,BJP,53.59%,795503,M. Lakshmana,INC,44.21%,656241,9.38%,139262
Karnataka[36],22,Chamarajanagar,(SC),Sunil Bose,INC,54.87%,751671,Balaraj S.,BJP,41.10%,562965,13.77%,188706
Karnataka[36],23,Bangalore Rural,GEN,C. N. Manjunath,BJP,56.21%,1079002,D. K. Suresh,INC,42.16%,809355,14.05%,269647
Karnataka[36],24,Bangalore North,GEN,Shobha Karandlaje,BJP,56.27%,986049,M. V. Rajeev Gowda,INC,41.46%,726573,14.81%,259476
Karnataka[36],25,Bangalore Central,GEN,P. C. Mohan,BJP,50.05%,658915,Mansoor Ali Khan,INC,47.57%,626208,2.48%,32707
Karnataka[36],26,Bangalore South,GEN,Tejaswi Surya,BJP,60.10%,750830,Sowmya Reddy,INC,37.92%,473747,22.18%,277083
Karnataka[36],27,Chikballapur,GEN,K. Sudhakar,BJP,53.74%,822619,M. S. Raksha Ramaiah,INC,43.06%,659159,10.68%,163460
Karnataka[36],28,Kolar,GEN,M. Mallesh Babu,JD(S),51.02%,691481,K. V. Gowtham,INC,45.76%,620093,5.26%,71388
Kerala[37],1,Kasaragod,GEN,Rajmohan Unnithan,INC,44.10%,490659,M. V. Balakrishnan,CPI(M),35.06%,390010,9.04%,100649
Kerala[37],2,Kannur,GEN,K. Sudhakaran,INC,48.74%,518524,M. V. Jayarajan,CPI(M),38.50%,409542,10.24%,108982
Kerala[37],3,Vatakara,GEN,Shafi Parambil,INC,49.65%,557528,K. K. Shailaja,CPI(M),39.45%,443022,10.20%,114506
Kerala[37],4,Wayanad,GEN,Rahul Gandhi,INC,59.69%,647445,Annie Raja,CPI,26.09%,283023,33.60%,364422
Kerala[37],5,Kozhikode,GEN,M. K. Raghavan,INC,47.74%,520421,Elamaram Kareem,CPI(M),34.33%,374245,13.41%,146176
Kerala[37],6,Malappuram,GEN,E. T. Mohammed Basheer,IUML,59.35%,644006,V Vaseef,CPI(M),31.69%,343888,27.66%,300118
Kerala[37],7,Ponnani,GEN,M. P. Abdussamad Samadani,IUML,54.81%,562516,K.S. Hamza,CPI(M),31.84%,326756,22.97%,235760
Kerala[37],8,Palakkad,GEN,V. K. Sreekandan,INC,40.66%,421169,A. Vijayaraghavan,CPI(M),33.39%,345886,7.27%,75283
Kerala[37],9,Alathur,(SC),K. Radhakrishnan,CPI(M),40.66%,403447,Ramya Haridas,INC,38.63%,383336,2.03%,20111
Kerala[37],10,Thrissur,GEN,Suresh Gopi,BJP,37.80%,412338,V. S. Sunilkumar,CPI,30.95%,337652,6.85%,74686
Kerala[37],11,Chalakudy,GEN,Benny Behanan,INC,41.44%,394171,C. Raveendranath,CPI(M),34.73%,330417,6.71%,63754
Kerala[37],12,Ernakulam,GEN,Hibi Eden,INC,52.97%,482317,K. J. Shine,CPI(M),25.47%,231932,27.50%,250385
Kerala[37],13,Idukki,GEN,Dean Kuriakose,INC,51.43%,432372,Joice George,CPI(M),35.53%,298645,15.90%,133727
Kerala[37],14,Kottayam,GEN,K. Francis George,KEC,43.60%,364631,Thomas Chazhikadan,KC(M),33.17%,277365,10.43%,87266
Kerala[37],15,Alappuzha,GEN,K. C. Venugopal,INC,38.21%,404560,A. M. Ariff,CPI(M),32.21%,341047,6%,63513
Kerala[37],16,Mavelikkara,(SC),Kodikunnil Suresh,INC,41.29%,369516,Arun Kumar C. A.,CPI,40.07%,358648,1.22%,10868
Kerala[37],17,Pathanamthitta,GEN,Anto Antony,INC,39.98%,367623,T. M. Thomas Issac,CPI(M),32.79%,301504,7.19%,66119
Kerala[37],18,Kollam,GEN,N. K. Premachandran,RSP,48.45%,443628,M. Mukesh,CPI(M),32.03%,293326,16.42%,150302
Kerala[37],19,Attingal,GEN,Adoor Prakash,INC,33.29%,328051,V. Joy,CPI(M),33.22%,327367,0.07%,684
Kerala[37],20,Thiruvananthapuram,GEN,Shashi Tharoor,INC,37.19%,358155,Rajeev Chandrasekhar,BJP,35.52%,342078,1.67%,16077
Ladakh[38],1,Ladakh,(ST),Mohmad Haneefa,Independent,48.15%,37397,Tsering Namgyal,INC,27.59%,65259,20.56%,27862
Lakshadweep[39],1,Lakshadweep,(ST),Muhammed Hamdulla Sayeed,INC,52.29%,25726,Mohammed Faizal Padippura,NCP(SP),46.91%,23079,5.38%,2647
Madhya Pradesh[40],1,Morena,GEN,Shivmangal Singh Tomar,BJP,43.41%,515477,Neetu Satyapal Singh Sikarwar,INC,38.99%,462947,4.42%,52530
Madhya Pradesh[40],2,Bhind,(SC),Sandhya Ray,BJP,51.20%,537065,Phool Singh Baraiya,INC,45.02%,472225,6.18%,64840
Madhya Pradesh[40],3,Gwalior,GEN,Bharat Singh Kushwah,BJP,49.99%,671535,Praveen Pathak,INC,44.77%,601325,5.22%,70210
Madhya Pradesh[40],4,Guna,GEN,Jyotiraditya Scindia,BJP,67.21%,923302,Yadvendra Rao Deshraj Singh,INC,27.83%,382373,39.38%,540929
Madhya Pradesh[40],5,Sagar,GEN,Lata Wankhede,BJP,68.49%,787979,Chandra Bhushan Singh Bundela,INC,27.53%,316757,40.96%,471222
Madhya Pradesh[40],6,Tikamgarh,(SC),Virendra Kumar Khatik,BJP,65.10%,715050,Pankaj Ahirwar,INC,28.38%,311738,36.72%,403312
Madhya Pradesh[40],7,Damoh,GEN,Rahul Singh Lodhi,BJP,65.18%,709768,Tarbar Singh Lodhi,INC,27.86%,303342,37.32%,406426
Madhya Pradesh[40],8,Khajuraho,GEN,V. D. Sharma,BJP,67.75%,772774,Kamlesh Kumar,BSP,20.30%,231545,47.45%,541229
Madhya Pradesh[40],9,Satna,GEN,Ganesh Singh,BJP,43.41%,459728,Siddharth Sukhlal Kushwaha,INC,35.39%,374779,8.02%,84949
Madhya Pradesh[40],10,Rewa,GEN,Janardan Mishra,BJP,52%,477459,Neelam Abhay Mishra,INC,30.94%,284085,21.06%,193374
Madhya Pradesh[40],11,Sidhi,GEN,Rajesh Mishra,BJP,50.87%,583559,Kamleshwar Indrajit Kumar,INC,32.87%,377143,18%,206416
Madhya Pradesh[40],12,Shahdol,(ST),Himadri Singh,BJP,61.73%,711143,Phunde Lal Singh Marko,INC,27.24%,313803,34.49%,397340
Madhya Pradesh[40],13,Jabalpur,GEN,Ashish Dubey,BJP,68.20%,790133,Dinesh Yadav,INC,26.19%,303459,42.01%,486674
Madhya Pradesh[40],14,Mandla,(ST),Faggan Singh Kulaste,BJP,48.93%,751375,Omkar Singh Markam,INC,42.17%,647529,6.76%,103846
Madhya Pradesh[40],15,Balaghat,GEN,Bharti Pardhi,BJP,51.56%,712660,Samrat Ashok Singh Saraswar,INC,38.93%,538148,12.63%,174512
Madhya Pradesh[40],16,Chhindwara,GEN,Bunty Vivek Sahu,BJP,49.41%,644738,Nakul Nath,INC,40.70%,531120,8.71%,113618
Madhya Pradesh[40],17,Hoshangabad,GEN,Darshan Singh Choudhary,BJP,64.99%,812147,Sanjay Sharma,INC,30.44%,380451,34.55%,431696
Madhya Pradesh[40],18,Vidisha,GEN,Shivraj Singh Chouhan,BJP,76.70%,1116460,Pratapbhanu Sharma,INC,20.27%,295052,56.43%,821408
Madhya Pradesh[40],19,Bhopal,GEN,Alok Sharma,BJP,65.48%,981109,Arun Shrivastava,INC,32.01%,479610,33.47%,501499
Madhya Pradesh[40],20,Rajgarh,GEN,Rodmal Nagar,BJP,53.10%,758743,Digvijaya Singh,INC,42.87%,612654,10.23%,146089
Madhya Pradesh[40],21,Dewas,(SC),Mahendra Singh Solanky,BJP,63.23%,928941,Rajendra Radhakishan Malviya,INC,34.29%,503716,28.94%,425225
Madhya Pradesh[40],22,Ujjain,(SC),Anil Firojiya,BJP,62.93%,836104,Mahesh Parmar,INC,34.64%,460244,28.29%,375860
Madhya Pradesh[40],23,Mandsaur,GEN,Sudheer Gupta,BJP,65.98%,945761,Dilip Singh Gurjar,INC,31.05%,445106,34.93%,500655
Madhya Pradesh[40],24,Ratlam,(ST),Anita Nagarsingh Chouhan,BJP,51.93%,795863,Kantilal Bhuria,INC,38.41%,588631,13.52%,207232
Madhya Pradesh[40],25,Dhar,(ST),Savitri Thakur,BJP,55.75%,794449,Radheshyam Muvel,INC,40.40%,575784,15.35%,218665
Madhya Pradesh[40],26,Indore,GEN,Shankar Lalwani,BJP,78.54%,1226751,Sanjay Laxman Solanki,BSP,3.31%,"51, 659",75.23%,1175092
Madhya Pradesh[40],27,Khargone,(ST),Gajendra Singh Patel,BJP,52.60%,819863,Porlal Batha Kharte,INC,43.93%,684845,8.67%,135018
Madhya Pradesh[40],28,Khandwa,GEN,Gyaneswar Patil,BJP,57.04%,862679,Narendra Patel,INC,39.19%,592708,17.85%,269971
Madhya Pradesh[40],29,Betul,(ST),Durga Das Uikey,BJP,60.76%,848236,Ramu Tekam,INC,33.56%,468475,27.20%,379761
Maharashtra[41],1,Nandurbar,(ST),Gowaal Kagada Padavi,INC,53.53%,745998,Dr Heena Vijaykumar Gavit,BJP,42.11%,586878,11.42%,159120
Maharashtra[41],2,Dhule,GEN,Bachhav Shobha Dinesh,INC,47.89%,583866,Subhash Bhamre,BJP,47.57%,580035,0.32%,3831
Maharashtra[41],3,Jalgaon,GEN,Smita Wagh,BJP,57.67%,674428,Karan Pawar,SS(UBT),36.15%,422834,21.52%,251594
Maharashtra[41],4,Raver,GEN,Raksha Khadse,BJP,53.84%,630879,Shriram Dayaram Patil,NCP(SP),30.61%,358696,23.23%,272183
Maharashtra[41],5,Buldhana,GEN,Prataprao Ganpatrao Jadhav,SHS,31.53%,349867,Narendra Khedekar,SS(UBT),28.88%,320388,2.65%,29479
Maharashtra[41],6,Akola,GEN,Anup Dhotre,BJP,38.96%,457030,Abhay Kashinath Patil,INC,35.50%,416404,3.46%,40626
Maharashtra[41],7,Amravati,(SC),Balwant Baswant Wankhade,INC,44.84%,526271,Navneet Kaur Rana,BJP,43.16%,506540,1.68%,19731
Maharashtra[41],8,Wardha,GEN,Amar Sharadrao Kale,NCP(SP),48.68%,533106,Ramdas Tadas,BJP,41.23%,451458,7.45%,81648
Maharashtra[41],9,Ramtek,(SC),Shyamkumar Barve,INC,48.94%,613025,Raju Deonath Parve,SHS,42.81%,536257,6.13%,76768
Maharashtra[41],10,Nagpur,GEN,Nitin Gadkari,BJP,54.08%,655027,Vikas Thakre,INC,42.72%,517424,11.36%,137603
Maharashtra[41],11,Bhandara-Gondiya,GEN,Prashant Yadaorao Padole,INC,47.56%,587413,Sunil Baburao Mendhe,BJP,44.53%,550033,3.03%,37380
Maharashtra[41],12,Gadchiroli-Chimur,(ST),Kirsan Namdeo,INC,52.97%,617792,Ashok Mahadeorao Nete,BJP,40.82%,476096,12.15%,141696
Maharashtra[41],13,Chandrapur,GEN,Pratibha Dhanorkar,INC,57.88%,718410,Sudhir Mungantiwar,BJP,36.90%,458004,20.98%,260406
Maharashtra[41],14,Yavatmal-Washim,GEN,Sanjay Uttamrao Deshmukh,SS(UBT),48.53%,594807,Rajshritai Hemant Patil,SHS,40.83%,500334,7.70%,94473
Maharashtra[41],15,Hingoli,GEN,Nagesh Bapurao Patil Ashtikar,SS(UBT),42.49%,492535,Baburao Kadam Kohalikar,SHS,33.12%,383933,9.37%,108602
Maharashtra[41],16,Nanded,GEN,Vasantrao Balwantrao Chavan,INC,46.88%,528894,Prataprao Govindrao Chikhalikar,BJP,41.61%,469452,5.27%,59442
Maharashtra[41],17,Parbhani,GEN,Sanjay Jadhav,SS(UBT),45.17%,601343,Mahadev Jankar,RSPS,35.10%,467282,10.07%,134061
Maharashtra[41],18,Jalna,GEN,Kalyan Vaijinathrao Kale,INC,44.59%,607897,Raosaheb Dadarao Danve,BJP,36.52%,497939,8.07%,109958
Maharashtra[41],19,Aurangabad,GEN,Sandipanrao Bhumre,SHS,36.56%,476130,Imtiyaz Jaleel,AIMIM,26.22%,341480,10.34%,134650
Maharashtra[41],20,Dindori,(ST),Bhaskar Murlidhar Bhagare,NCP(SP),46.53%,577339,Bharati Pawar,BJP,37.40%,464140,9.13%,113199
Maharashtra[41],21,Nashik,GEN,Rajabhau Waje,SS(UBT),49.85%,616729,Hemant Tukaram Godse,SHS,36.75%,454728,13.10%,162001
Maharashtra[41],22,Palghar,(ST),Hemant Vishnu Savara,BJP,43.69%,601244,Bharti Bharat Kamdi,SS(UBT),30.37%,417938,13.32%,183306
Maharashtra[41],23,Bhiwandi,GEN,Suresh Mhatre,NCP(SP),39.85%,499464,Kapil Moreshwar Patil,BJP,34.57%,433343,5.28%,66121
Maharashtra[41],24,Kalyan,GEN,Shrikant Shinde,SHS,56.38%,589636,Vaishali Darekar,SS(UBT),36.39%,380492,19.99%,209144
Maharashtra[41],25,Thane,GEN,Naresh Mhaske,SHS,56.09%,734231,Rajan Vichare,SS(UBT),39.51%,517220,16.58%,217011
Maharashtra[41],26,Mumbai North,GEN,Piyush Goyal,BJP,65.68%,680146,Bhushan Patil,INC,31.15%,322538,34.53%,357608
Maharashtra[41],27,Mumbai North West,GEN,Ravindra Waikar,SHS,47.40%,452644,Amol Kirtikar,SS(UBT),47.40%,452596,0.01%,48
Maharashtra[41],28,Mumbai North East,GEN,Sanjay Dina Patil,SS(UBT),48.67%,450937,Mihir Kotecha,BJP,45.45%,421076,3.22%,29861
Maharashtra[41],29,Mumbai North Central,GEN,Varsha Gaikwad,INC,48.93%,445545,Ujjwal Nikam,BJP,47.12%,429031,1.81%,16514
Maharashtra[41],30,Mumbai South Central,GEN,Anil Desai,SS(UBT),49.73%,395138,Rahul Ramesh Shewale,SHS,43.01%,341754,6.72%,53384
Maharashtra[41],31,Mumbai South,GEN,Arvind Sawant,SS(UBT),51.18%,395655,Yamini Jadhav,SHS,44.36%,342982,6.82%,52673
Maharashtra[41],32,Raigad,GEN,Sunil Tatkare,NCP,50.17%,508352,Anant Geete,SS(UBT),42%,425568,8.17%,82784
Maharashtra[41],33,Maval,GEN,Shrirang Barne,SHS,48.81%,692832,Sanjog Bhiku Waghere Patil,SS(UBT),42%,596217,7,96615
Maharashtra[41],34,Pune,GEN,Murlidhar Mohol,BJP,52.94%,584728,Ravindra Hemraj Dhangekar,INC,41.80%,461690,11.14%,123038
Maharashtra[41],35,Baramati,GEN,Supriya Sule,NCP(SP),51.85%,732312,Sunetra Pawar,NCP,40.64%,573979,11.21%,158333
Maharashtra[41],36,Shirur,GEN,Amol Kolhe,NCP(SP),50.83%,698692,Shivajirao Adhalarao Patil,NCP,40.58%,557741,10.25%,140951
Maharashtra[41],37,Ahmednagar,GEN,Nilesh Dnyandev Lanke,NCP(SP),47.14%,624797,Sujay Vikhe Patil,BJP,44.95%,595868,2.19%,28929
Maharashtra[41],38,Shirdi,(SC),Bhausaheb Rajaram Wakchaure,SS(UBT),45%,476900,Sadashiv Lokhande,SHS,40.23%,426371,4.77%,50529
Maharashtra[41],39,Beed,GEN,Bajrang Manohar Sonwane,NCP(SP),44.50%,683950,Pankaja Munde,BJP,44.93%,677397,0.43%,6553
Maharashtra[41],40,Osmanabad,GEN,Omprakash Rajenimbalkar,SS(UBT),58.45%,748752,Archana Patil,NCP,32.70%,418906,25.75%,329846
Maharashtra[41],41,Latur,(SC),Kalge Shivaji Bandappa,INC,49.15%,609021,Sudhakar Tukaram Shrangare,BJP,44.16%,547140,4.99%,61881
Maharashtra[41],42,Solapur,(SC),Praniti Shinde,INC,51.49%,620225,Ram Satpute,BJP,45.33%,546028,6.16%,74197
Maharashtra[41],43,Madha,GEN,Dhairyasheel Patil,NCP(SP),48.86%,622213,Ranjit Naik-Nimbalkar,BJP,39.37%,501376,9.49%,120837
Maharashtra[41],44,Sangli,GEN,Vishal Prakashbapu Patil,Independent,48.91%,571666,Sanjay Patil,BJP,40.35%,471613,8.56%,100053
Maharashtra[41],45,Satara,GEN,Shrimant Chhatrapati Udayanraje Pratapsinhmaharaj Bhonsle,BJP,47.67%,571134,Shashikant Shinde,NCP(SP),44.94%,538363,2.73%,32771
Maharashtra[41],46,Ratnagiri-Sindhudurg,GEN,Narayan Rane,BJP,49.07%,448514,Vinayak Raut,SS(UBT),43.83%,400656,5.24%,47858
Maharashtra[41],47,Kolhapur,GEN,Chhatrapati Shahuji Maharaj,INC,54.15%,754522,Sanjay Mandlik,SHS,43.03%,599558,11.12%,154964
Maharashtra[41],48,Hatkanangle,GEN,Dhairyasheel Sambhajirao Mane,SHS,40.14%,520190,Satyajeet Patil,SS(UBT),39.10%,506764,1.04%,13426
Manipur[42],1,Inner Manipur,GEN,Angomcha Bimol Akoijam,INC,46.93%,374017,Thounaojam Basanta Kumar Singh,BJP,33.16%,264216,13.77%,109801
Manipur[42],2,Outer Manipur,(ST),Alfred Kan-Ngam Arthur,INC,48.32%,384954,Kachui Timothy Zimik,NPF,37.60%,299536,11,85418
Meghalaya[43],1,Shillong,(ST),Ricky AJ Syngkon,VPP,55.02%,571078,Vincent H. Pala,INC,19.19%,199168,35.83%,371910
Meghalaya[43],2,Tura,(ST),Saleng A. Sangma,INC,56.96%,383919,Agatha Sangma,NPP,33.93%,228678,23.03%,155241
Mizoram[44],1,Mizoram,(ST),Richard Vanlalhmangaiha,ZPM,42.45%,208552,K. Vanlalvena,MNF,28.55%,140264,13.90%,68288
Nagaland[45],1,Nagaland,(ST),S. Supongmeren Jamir,INC,52.83%,401951,Chumben Murry,NDPP,46.13%,350967,6.70%,50984
Odisha[46],1,Bargarh,GEN,Pradeep Purohit,BJP,54.69%,716359,Parinita Mishra,BJD,35.48%,464692,19.21%,251667
Odisha[46],2,Sundargarh,(ST),Jual Oram,BJP,42.77%,494282,Dilip Kumar Tirkey,BJD,30.76%,355474,12.01%,138808
Odisha[46],3,Sambalpur,GEN,Dharmendra Pradhan,BJP,49.48%,592162,Pranab Prakash Das,BJD,39.47%,472326,10.01%,119836
Odisha[46],4,Keonjhar,(ST),Ananta Nayak,BJP,45.67%,573923,Dhanurjaya Sidu,BJD,37.95%,476881,7.72%,97042
Odisha[46],5,Mayurbhanj,(ST),Naba Charan Majhi,BJP,49.91%,585971,Sudam Marndi,BJD,31.23%,366637,18.68%,219334
Odisha[46],6,Balasore,GEN,Pratap Chandra Sarangi,BJP,45.49%,563865,Lekhasri Samantsinghar,BJD,33.62%,416709,11.87%,147156
Odisha[46],7,Bhadrak,(SC),Avimanyu Sethi,BJP,44.19%,573319,Manjulata Mandal,BJD,37.13%,481775,7.06%,91544
Odisha[46],8,Jajpur,(SC),Rabindra Narayan Behera,BJP,46.01%,534239,Sarmistha Sethi,BJD,45.87%,532652,0.14%,1587
Odisha[46],9,Dhenkanal,GEN,Rudra Narayan Pany,BJP,50.24%,598721,Abinash Samal,BJD,43.82%,522154,6.42%,76567
Odisha[46],10,Bolangir,GEN,Sangeeta Kumari Singh Deo,BJP,44.12%,617744,Surendra Singh Bhoi,BJD,34.64%,485080,9.48%,132664
Odisha[46],11,Kalahandi,GEN,Malvika Devi,BJP,40.79%,544303,Lambodar Nial,BJD,30.77%,410490,10.02%,133813
Odisha[46],12,Nabarangpur,(ST),Balabhadra Majhi,BJP,38.74%,481396,Pradeep Kumar Majhi,BJD,31.70%,393860,7.04%,87536
Odisha[46],13,Kandhamal,GEN,Sukanta Kumar Panigrahi,BJP,41.80%,416415,Achyutananda Samanta,BJD,39.66%,395044,2.14%,21371
Odisha[46],14,Cuttack,GEN,Bhartruhari Mahtab,BJP,47.43%,531601,Santrupt Misra,BJD,42.34%,474524,5.09%,57077
Odisha[46],15,Kendrapara,GEN,Baijayant Panda,BJP,48.21%,615705,Anshuman Mohanty,BJD,43%,549169,5.21%,66536
Odisha[46],16,Jagatsinghpur,(SC),Bibhu Prasad Tarai,BJP,45.80%,589093,Rajashree Mallick,BJD,42.63%,548397,3.17%,40696
Odisha[46],17,Puri,GEN,Sambit Patra,BJP,52.58%,629330,Arup Patnaik,BJD,43.83%,524621,8.75%,104709
Odisha[46],18,Bhubaneswar,GEN,Aparajita Sarangi,BJP,47.36%,512519,Manmath Kumar Routray,BJD,44.11%,477367,3.25%,35152
Odisha[46],19,Aska,GEN,Anita Subhadarshini,BJP,48.55%,494226,Ranjita Sahu,BJD,38.73%,394252,9.82%,99974
Odisha[46],20,Berhampur,GEN,Pradeep Kumar Panigrahy,BJP,49.20%,513102,Bhrugu Baxipatra,BJD,33.33%,347626,15.87%,165476
Odisha[46],21,Koraput,(ST),Saptagiri Sankar Ulaka,INC,41.03%,471393,Kausalya Hikaka,BJD,28.17%,323649,12.86%,147744
Puducherry[47],1,Puducherry,GEN,V. Vaithilingam,INC,52.73%,426005,A. Namassivayam,BJP,35.83%,289489,16.90%,136516
Punjab[48],1,Gurdaspur,GEN,Sukhjinder Singh Randhawa,INC,33.78%,364043,Dinesh Singh,BJP,26.09%,281182,7.69%,82861
Punjab[48],2,Amritsar,GEN,Gurjeet Singh Aujla,INC,28.18%,255181,Kuldeep Singh Dhaliwal,AAP,23.73%,214880,4.45%,40301
Punjab[48],3,Khadoor Sahib,GEN,Amritpal Singh,Independent,38.62%,404430,Kulbir Singh Zira,INC,19.80%,207310,18.82%,197120
Punjab[48],4,Jalandhar,(SC),Charanjit Singh Channi,INC,39.43%,390053,Sushil Kumar Rinku,BJP,21.64%,214060,17.79%,175993
Punjab[48],5,Hoshiarpur,(SC),Raj Kumar Chabbewal,AAP,32.04%,303859,Yamini Gomar,INC,27.39%,259748,4.65%,44111
Punjab[48],6,Anandpur Sahib,GEN,Malvinder Singh Kang,AAP,29.08%,313217,Vijay Inder Singla,INC,28.07%,302371,1.01%,10846
Punjab[48],7,Ludhiana,GEN,Amrinder Singh Raja Warring,INC,30.42%,322224,Ravneet Singh Bittu,BJP,28.45%,301282,1.98%,20942
Punjab[48],8,Fatehgarh Sahib,(SC),Amar Singh,INC,34.14%,332591,Gurpreet Singh GP,AAP,30.63%,298389,3.51%,34202
Punjab[48],9,Faridkot,(SC),Sarabjeet Singh Khalsa,Independent,29.38%,298062,Karamjit Anmol,AAP,22.48%,228009,6.91%,70053
Punjab[48],10,Ferozpur,GEN,Sher Singh Ghubaya,INC,23.70%,266626,Jagdeep Singh Kaka Brar,AAP,23.41%,263384,0.29%,3242
Punjab[48],11,Bathinda,GEN,Harsimrat Kaur Badal,SAD,32.71%,376558,Gurmeet Singh Khuddian,AAP,28.40%,326902,4.31%,49656
Punjab[48],12,Sangrur,GEN,Gurmeet Singh Meet Hayer,AAP,36.06%,364085,Sukhpal Singh Khaira,INC,18.97%,191525,17.09%,172560
Punjab[48],13,Patiala,GEN,Dharamvira Gandhi,INC,26.54%,305616,Balbir Singh,AAP,25.25%,290785,1.29%,14831
Rajasthan[49],1,Ganganagar,(SC),Kuldeep Indora,INC,51.40%,726492,Priyanka Balan Meghwal,BJP,45.16%,638339,6.24%,88153
Rajasthan[49],2,Bikaner,(SC),Arjun Ram Meghwal,BJP,50.68%,566737,Govind Ram Meghwal,INC,45.67%,511026,5.01%,55711
Rajasthan[49],3,Churu,GEN,Rahul Kaswan,INC,51.12%,728211,Devendra Jhajharia,BJP,46.01%,655474,5,72737
Rajasthan[49],4,Jhunjhunu,GEN,Brijendra Singh Ola,INC,49.44%,553168,Shubhkaran Choudhary,BJP,47.81%,534933,1.63%,18235
Rajasthan[49],5,Sikar,GEN,Amra Ram,CPI(M),50.68%,659300,Sumedhanand Saraswati,BJP,45.08%,586404,5.60%,72896
Rajasthan[49],6,Jaipur Rural,GEN,Rao Rajendra Singh,BJP,48.96%,617877,Anil Chopra,INC,48.83%,616262,0.13%,1615
Rajasthan[49],7,Jaipur,GEN,Manju Sharma,BJP,60.61%,886850,Pratap Singh Khachariyawas,INC,37.93%,555083,22.68%,331767
Rajasthan[49],8,Alwar,GEN,Bhupender Yadav,BJP,50.42%,631992,Lalit Yadav,INC,46.57%,583710,3.85%,48282
Rajasthan[49],9,Bharatpur,(SC),Sanjana Jatav,INC,51.18%,579890,Ramswaroop Koli,BJP,46.59%,527907,4.59%,51983
Rajasthan[49],10,Karauli–Dholpur,(SC),Bhajan Lal Jatav,INC,53.64%,530011,Indu Devi,BJP,43.62%,431066,10.02%,98945
Rajasthan[49],11,Dausa,(ST),Murari Lal Meena,INC,60.24%,646266,Kanhaiya Lal Meena,BJP,38.12%,408926,22.12%,237340
Rajasthan[49],12,Tonk–Sawai Madhopur,GEN,Harish Chandra Meena,INC,50.85%,623763,Sukhbir Singh Jaunapuria,BJP,45.56%,558814,5.29%,64949
Rajasthan[49],13,Ajmer,GEN,Bhagirath Choudhary,BJP,62.23%,747462,Ramchandra Choudhary,INC,34.76%,417471,27.47%,329991
Rajasthan[49],14,Nagaur,GEN,Hanuman Beniwal,RLP,48.20%,596955,Jyoti Mirdha,BJP,44.79%,554730,3.41%,42225
Rajasthan[49],15,Pali,GEN,P. P. Chaudhary,BJP,55.94%,757389,Sangeeta Beniwal,INC,37.82%,512038,18.12%,245351
Rajasthan[49],16,Jodhpur,GEN,Gajendra Singh Shekhawat,BJP,52.76%,730056,Karan Singh Unchiyarda,INC,44.40%,614379,8.36%,115677
Rajasthan[49],17,Barmer,GEN,Ummeda Ram Beniwal,INC,41.74%,704676,Ravindra Singh Bhati,Independent,34.74%,586500,7%,118176
Rajasthan[49],18,Jalore,(SC),Lumbaram Choudhary,BJP,54.91%,796783,Vaibhav Gehlot,INC,41.02%,595240,13.89%,201543
Rajasthan[49],19,Udaipur,(ST),Manna Lal Rawat,BJP,49.27%,738286,Tarachand Meena,INC,31.81%,476678,17.46%,261608
Rajasthan[49],20,Banswara,(ST),Rajkumar Roat,BAP,50.15%,820831,Mahendrajeet Singh Malviya,BJP,35.05%,573777,15.10%,247054
Rajasthan[49],21,Chittorgarh,GEN,Chandra Prakash Joshi,BJP,59.26%,888202,Udailal Anjana,INC,33.25%,498325,26.01%,389877
Rajasthan[49],22,Rajsamand,GEN,Mahima Kumari Mewar,BJP,64.40%,781203,Damodar Gurjar,INC,32.06%,388980,32.34%,392223
Rajasthan[49],23,Bhilwara,GEN,Damodar Agarwal,BJP,61.92%,807640,C. P. Joshi,INC,34.73%,453034,27.19%,354606
Rajasthan[49],24,Kota,GEN,Om Birla,BJP,50.03%,750496,Prahlad Gunjal,INC,47.23%,708522,2.80%,41974
Rajasthan[49],25,Jhalawar–Baran,GEN,Dushyant Singh,BJP,60.88%,865376,Urmila Jain,INC,34.78%,494387,26.10%,370989
Sikkim[50],1,Sikkim,GEN,Indra Hang Subba,SKM,42.71%,164396,Bharat Basnett,Citizen Action Party (Sikkim),21.71%,83566,21%,164396
Tamil Nadu[51],1,Thiruvallur,GEN,Sasikanth Senthil,INC,56.21%,796956,V. Pon Balaganapathy,BJP,15.86%,224801,40.35%,572155
Tamil Nadu[51],2,Chennai North,GEN,Kalanidhi Veeraswamy,DMK,55.11%,497333,R. Manohar,AIADMK,17.52%,158111,37.59%,339222
Tamil Nadu[51],3,Chennai South,GEN,Thamizhachi Thangapandian,DMK,47%,516628,Tamilisai Soundararajan,BJP,26.44%,290683,20.56%,225945
Tamil Nadu[51],4,Chennai Central,GEN,Dayanidhi Maran,DMK,56.65%,413848,Vinoj,BJP,23.16%,169159,33.49%,244689
Tamil Nadu[51],5,Sriperumbudur,GEN,T. R. Baalu,DMK,52.65%,758611,G. Premkumar,AIADMK,18.85%,271582,33.80%,487029
Tamil Nadu[51],6,Kancheepuram,(SC),G. Selvam,DMK,46.53%,586044,Rajasekar E.,AIADMK,28.94%,364571,17.59%,221473
Tamil Nadu[51],7,Arakkonam,(SC),S. Jagathrakshakan,DMK,48.39%,563216,L. Vijayan,AIADMK,22.05%,256657,26.34%,306559
Tamil Nadu[51],8,Vellore,(SC),Kathir Anand,DMK,50.35%,568692,A. C. Shanmugam,BJP,31.25%,352990,19.10%,215702
Tamil Nadu[51],9,Krishnagiri,GEN,K. Gopinath,INC,42.27%,492883,V. Jayaprakash,AIADMK,25.76%,300397,16.51%,192486
Tamil Nadu[51],10,Dharmapuri,GEN,A. Mani,DMK,34.67%,432667,Sowmiya Anbumani,PMK,32.97%,411367,1.70%,21300
Tamil Nadu[51],11,Tiruvannamalai,GEN,C. N. Annadurai,DMK,47.75%,547379,M. Kaliyaperumal,AIADMK,27.34%,313448,20.41%,233931
Tamil Nadu[51],12,Arani,GEN,M.S. Tharanivendhan,DMK,43.86%,500099,G. V. Gajendran,AIADMK,25.55%,291333,18.31%,208766
Tamil Nadu[51],13,Villupuram,GEN,D. Ravikumar,VCK,41.39%,477033,J. Bhagyaraj,AIADMK,35.25%,406330,6.14%,70703
Tamil Nadu[51],14,Kallakurichi,GEN,Malaiyarasan D,DMK,44.94%,561589,R. Kumaraguru,AIADMK,40.64%,507805,4.30%,53784
Tamil Nadu[51],15,Salem,GEN,T. M. Selvaganapathi,DMK,43.38%,566085,P. Vignesh,AIADMK,37.99%,495728,5.39%,70357
Tamil Nadu[51],16,Namakkal,GEN,V. S. Matheswaran,DMK,40.31%,462036,S. Tamilmani,AIADMK,37.77%,432924,2.54%,29112
Tamil Nadu[51],17,Erode,GEN,K. E. Prakash,DMK,51.43%,562339,Ashok Kumar,AIADMK,29.79%,325773,21.64%,236566
Tamil Nadu[51],18,Tiruppur,GEN,K. Subbarayan,CPI,41.38%,472739,P. Arunachalam,AIADMK,30.35%,346811,11.03%,125928
Tamil Nadu[51],19,Nilgiris,GEN,A. Raja,DMK,46.44%,473212,L. Murugan,BJP,22.83%,232627,23.61%,240585
Tamil Nadu[51],20,Coimbatore,GEN,Ganapathi P. Rajkumar,DMK,41.39%,568200,K. Annamalai,BJP,32.79%,450132,8.60%,118068
Tamil Nadu[51],21,Pollachi,GEN,Eswarasamy,DMK,47.37%,533377,A. Karthikeyan,AIADMK,24.98%,281335,22.39%,252042
Tamil Nadu[51],22,Dindigul,GEN,R. Sachidanandam,CPI(M),58.29%,670149,M. A. Mohamed Mubarak,AIADMK,19.69%,226328,38.60%,443821
Tamil Nadu[51],23,Karur,GEN,Jothimani,INC,47.25%,534906,L. Thangavel,AIADMK,32.52%,368090,14.73%,166816
Tamil Nadu[51],24,Tiruchirappalli,GEN,Durai Vaiko,MDMK,51.35%,542213,P. Karuppaiah,AIADMK,21.70%,229119,29.65%,313094
Tamil Nadu[51],25,Perambalur,GEN,Arun Nehru,DMK,53.42%,603209,N. D. Chandramohan,AIADMK,18.96%,214102,34.46%,389107
Tamil Nadu[51],26,Cuddalore,GEN,M. K. Vishnu Prasad,INC,44.11%,455053,P. Sivakozhundu,DMDK,26.09%,269157,18.02%,185896
Tamil Nadu[51],27,Chidambaram,(SC),Thol. Thirumavalavan,VCK,43.28%,505084,M. Chandrahasan,AIADMK,34.40%,401530,8.88%,103554
Tamil Nadu[51],28,Mayiladuthurai,GEN,Sudha Ramakrishnan,INC,47.67%,518459,P. Babu,AIADMK,22.73%,247276,24.94%,271183
Tamil Nadu[51],29,Nagapattinam,(SC),V. Selvaraj,CPI,47.79%,465044,G. Sursith Sankar,AIADMK,26.49%,256087,21.30%,208957
Tamil Nadu[51],30,Thanjavur,(SC),S. Murasoli,DMK,48.82%,502245,P. Sivanesan,DMDK,17.76%,182662,31.06%,319583
Tamil Nadu[51],31,Sivaganga,GEN,Karti Chidambaram,INC,40.60%,427677,A. Xavierdass,AIADMK,21.08%,222013,19.52%,205664
Tamil Nadu[51],32,Madurai,GEN,S. Venkatesan,CPI(M),43.60%,430323,Raama Sreenivasan,BJP,22.38%,220914,21.22%,209409
Tamil Nadu[51],33,Theni,GEN,Thanga Tamil Selvan,DMK,50.08%,571493,T. T. V. Dhinakaran,AMMK,25.65%,292668,24.43%,278825
Tamil Nadu[51],34,Virudhunagar,GEN,Manickam Tagore,INC,36.28%,385256,V. Vijayaprabhakaran,DMDK,35.87%,380877,0.41%,4379
Tamil Nadu[51],35,Ramanathapuram,GEN,Kani K. Navas,IUML,45.92%,509664,O. Paneerselvam,Independent,30.89%,342882,15.03%,166782
Tamil Nadu[51],36,Thoothukudi,GEN,Kanimozhi,DMK,55.26%,540729,R. Velumany Sivasamy,AIADMK,15.12%,147991,40.14%,392738
Tamil Nadu[51],37,Tenkasi,GEN,Rani Srikumar,DMK,40.97%,425679,K. Krishnasamy,AIADMK,22.08%,229480,18.89%,196199
Tamil Nadu[51],38,Tirunelveli,GEN,C. Robert Bruce,INC,47.06%,502296,Nainar Nagenthran,BJP,31.54%,336676,15.52%,165620
Tamil Nadu[51],39,Kanniyakumari,GEN,Vijay Vasanth,INC,53.08%,546248,Pon Radhakrishnan,BJP,35.60%,366341,17.48%,179907
Telangana[52],1,Adilabad,(ST),Godam Nagesh,BJP,45.98%,568168,Athram Suguna,INC,38.65%,477516,7.33%,90652
Telangana[52],2,Peddapalli,(SC),Vamsi Krishna Gaddam,INC,43.42%,475587,Srinivas Gomase,BJP,31.43%,344223,11.99%,131364
Telangana[52],3,Karimnagar,GEN,Bandi Sanjay Kumar,BJP,44.57%,585116,Velchala Rajender Rao,INC,27.41%,359907,17.16%,225209
Telangana[52],4,Nizamabad,GEN,Arvind Dharmapuri,BJP,48.02%,592318,T. Jeevan Reddy,INC,39.16%,483077,8.86%,109241
Telangana[52],5,Zahirabad,GEN,Suresh Kumar Shetkar,INC,42.73%,528418,B. B. Patil,BJP,39%,482230,3.73%,46188
Telangana[52],6,Medak,GEN,Raghunandan Rao,BJP,33.99%,471217,Neelam Madhu,INC,31.17%,432078,2.82%,39139
Telangana[52],7,Malkajgiri,GEN,Etela Rajender,BJP,51.25%,991042,Patnam Suneetha Mahender Reddy,INC,31%,599567,20.25%,391475
Telangana[52],8,Secunderabad,GEN,G. Kishan Reddy,BJP,45.15%,473012,Danam Nagender,INC,40.38%,423068,4.77%,49944
Telangana[52],9,Hyderabad,GEN,Asaduddin Owaisi,AIMIM,61.28%,661981,Kompella Madhavi Latha,BJP,29.98%,323894,31.30%,338087
Telangana[52],10,Chevella,GEN,Konda Vishweshwar Reddy,BJP,48.34%,809882,G. Ranjith Reddy,INC,38.02%,636985,10.32%,172897
Telangana[52],11,Mahbubnagar,GEN,D. K. Aruna,BJP,41.66%,510747,Challa Vamshi Chand Reddy,INC,41.29%,506247,0.37%,4500
Telangana[52],12,Nagarkurnool,(SC),Mallu Ravi,INC,38.14%,465072,Bharath Prasad Pothuganti,BJP,30.40%,370658,7.74%,94414
Telangana[52],13,Nalgonda,GEN,Kunduru Raghuveer,INC,60.50%,784337,Shanampudi Saidireddy,BJP,17.31%,224432,43.19%,559905
Telangana[52],14,Bhongir,GEN,Chamala Kiran Kumar Reddy,INC,44.89%,629143,Boora Narsaiah Goud,BJP,29.04%,406973,15.85%,222170
Telangana[52],15,Warangal,(SC),Kadiyam Kavya,INC,45.85%,581294,Aroori Ramesh,BJP,28.47%,360955,17.38%,220339
Telangana[52],16,Mahabubabad,(ST),Balram Naik Porika,INC,55.27%,612774,Kavitha Maloth,BRS,23.77%,263609,31.50%,349165
Telangana[52],17,Khammam,GEN,Ramasahayam Raghuram Reddy,INC,61.29%,766929,Nama Nageswara Rao,BRS,23.90%,299082,37.39%,467847
Tripura[53],1,Tripura West,GEN,Biplab Kumar Deb,BJP,72.85%,881341,Ashish Kumar Saha,INC,22.30%,269763,50.55%,611578
Tripura[53],2,Tripura East,(ST),Kriti Devi Debbarman,BJP,68.54%,777447,Rajendra Reang,CPI(M),25.62%,290628,42.92%,486819
Uttar Pradesh[54],1,Saharanpur,GEN,Imran Masood,INC,44.57%,547967,Raghav Lakhanpal,BJP,39.32%,483425,5.25%,64542
Uttar Pradesh[54],2,Kairana,GEN,Iqra Choudhary,SP,48.90%,528013,Pradeep Choudhary,BJP,42.50%,458897,6.40%,69116
Uttar Pradesh[54],3,Muzaffarnagar,GEN,Harendra Singh Malik,SP,43.64%,470721,Sanjeev Kumar Balyan,BJP,41.35%,446049,2.29%,24672
Uttar Pradesh[54],4,Bijnor,GEN,Chandan Chauhan,RLD,39.48%,404493,Deepak,SP,35.82%,366985,3.66%,37508
Uttar Pradesh[54],5,Nagina,(SC),Chandrashekhar,ASP(KR),51.19%,512552,Om Kumar,BJP,36.06%,361079,15.13%,151473
Uttar Pradesh[54],6,Moradabad,GEN,Ruchi Vira,SP,49.67%,637363,Kunwar Sarvesh Kumar Singh,BJP,41.43%,531601,8.24%,105762
Uttar Pradesh[54],7,Rampur,GEN,Mohibbullah,SP,49.74%,481503,Ghanshyam Singh Lodhi,BJP,40.71%,394069,9.03%,87434
Uttar Pradesh[54],8,Sambhal,GEN,Zia ur Rahman Barq,SP,47.80%,571161,Parmeshwar Lal Saini,BJP,37.63%,449667,10.17%,121494
Uttar Pradesh[54],9,Amroha,GEN,Kanwar Singh Tanwar,BJP,42.90%,476506,Kunwar Danish Ali,INC,40.32%,447836,2.58%,28670
Uttar Pradesh[54],10,Meerut,GEN,Arun Govil,BJP,46.21%,546469,Sunita Verma,SP,45.32%,535884,0.89%,10585
Uttar Pradesh[54],11,Baghpat,GEN,Rajkumar Sangwan,RLD,52.36%,488967,Amarpal Sharma,SP,35.29%,329508,17.07%,159459
Uttar Pradesh[54],12,Ghaziabad,GEN,Atul Garg,BJP,58.09%,854170,Dolly Sharma,INC,35.17%,517205,22.92%,336965
Uttar Pradesh[54],13,Gautam Buddh Nagar,GEN,Mahesh Sharma,BJP,59.69%,857829,Mahendra Singh Nagar,SP,20.76%,298357,38.93%,559472
Uttar Pradesh[54],14,Bulandshahr,(SC),Bhola Singh,BJP,56.65%,597310,Shivram,INC,30.56%,322176,26.09%,275134
Uttar Pradesh[54],15,Aligarh,GEN,Satish Kumar Gautam,BJP,44.28%,501834,Bijendra Singh,SP,42.90%,486187,1.38%,15647
Uttar Pradesh[54],16,Hathras,(SC),Anoop Pradhan,BJP,51.24%,554746,Jasveer Valmiki,SP,28.39%,307428,22.85%,247318
Uttar Pradesh[54],17,Mathura,GEN,Hema Malini,BJP,53.30%,510064,Mukesh Dhangar,INC,22.64%,216657,30.66%,293407
Uttar Pradesh[54],18,Agra,(SC),S. P. Singh Baghel,BJP,53.34%,599397,Suresh Chand Kardam,SP,29.20%,328103,24.14%,271294
Uttar Pradesh[54],19,Fatehpur Sikri,GEN,Rajkumar Chahar,BJP,43.09%,445657,Ramnath Singh Sikarwar,INC,38.90%,402252,4.19%,43405
Uttar Pradesh[54],20,Firozabad,GEN,Akshay Yadav,SP,49.04%,543037,Vishwadeep Singh,BJP,40.98%,453725,8.06%,89312
Uttar Pradesh[54],21,Mainpuri,GEN,Dimple Yadav,SP,56.79%,598526,Jaiveer Singh,BJP,35.76%,376887,21.03%,221639
Uttar Pradesh[54],22,Etah,GEN,Devesh Shakya,SP,47.09%,475808,Rajveer Singh,BJP,44.32%,447756,2.77%,28052
Uttar Pradesh[54],23,Badaun,GEN,Aditya Yadav,SP,45.97%,501855,Durvijay Singh Shakya,BJP,42.76%,466864,3.21%,34991
Uttar Pradesh[54],24,Aonla,GEN,Neeraj Maurya,SP,45.23%,492515,Dharmendra Kashyap,BJP,43.76%,476546,1.47%,15969
Uttar Pradesh[54],25,Bareilly,GEN,Chhatrapal Singh Gangwar,BJP,50.66%,567127,Praveen Singh Aron,SP,47.55%,532323,3.11%,34804
Uttar Pradesh[54],26,Pilibhit,GEN,Jitin Prasad,BJP,52.30%,607158,Bhagwat Saran Gangwar,SP,38.09%,442223,14.21%,164935
Uttar Pradesh[54],27,Shahjahanpur,(SC),Arun Kumar Sagar,BJP,47.50%,592718,Jyotsna Gond,SP,43.06%,537339,4.44%,55379
Uttar Pradesh[54],28,Kheri,GEN,Utkarsh Verma,SP,45.94%,557365,Ajay Mishra Teni,BJP,43.11%,523036,2.83%,34329
Uttar Pradesh[54],29,Dhaurahra,GEN,Anand Bhadauriya,SP,39.91%,443743,Rekha Verma,BJP,39.51%,439294,0.40%,4449
Uttar Pradesh[54],30,Sitapur,GEN,Rakesh Rathore,INC,48.20%,531138,Rajesh Verma (politician),BJP,40.06%,441497,8.14%,89641
Uttar Pradesh[54],31,Hardoi,(SC),Jai Prakash,BJP,44.25%,486798,Usha Verma,SP,41.72%,458942,2.53%,27856
Uttar Pradesh[54],32,Misrikh,(SC),Ashok Kumar Rawat,BJP,45.15%,475016,Sangita Rajvanshi,SP,41.98%,441610,3.17%,33406
Uttar Pradesh[54],33,Unnao,GEN,Sakshi Maharaj,BJP,47.31%,616133,Annu Tandon,SP,44.56%,580315,2.75%,35818
Uttar Pradesh[54],34,Mohanlalganj,(SC),R. K. Chaudhary,SP,48.49%,667869,Kaushal Kishore,BJP,43.38%,597577,5.11%,70292
Uttar Pradesh[54],35,Lucknow,GEN,Rajnath Singh,BJP,53.89%,612709,Ravidas Mehrotra,SP,42%,477550,11.89%,135159
Uttar Pradesh[54],36,Rae Bareli,GEN,Rahul Gandhi,INC,66.17%,687649,Dinesh Pratap Singh,BJP,28.64%,297619,37.53%,390030
Uttar Pradesh[54],37,Amethi,GEN,Kishori Lal Sharma,INC,54.99%,539228,Smriti Irani,BJP,37.94%,372032,17.05%,167196
Uttar Pradesh[54],38,Sultanpur,GEN,Rambhual Nishad,SP,43%,444330,Maneka Gandhi,BJP,38.82%,401156,4.18%,43174
Uttar Pradesh[54],39,Pratapgarh,GEN,Shiv Pal Singh Patel,SP,46.65%,441932,Sangam Lal Gupta,BJP,39.66%,375726,6.99%,66206
Uttar Pradesh[54],40,Farrukhabad,GEN,Mukesh Rajput,BJP,47.20%,487963,Naval Kishore Shakya,SP,46.94%,485285,0.26%,2678
Uttar Pradesh[54],41,Etawah,(SC),Jitendra Kumar Dohare,SP,47.47%,490747,Ram Shankar Katheria,BJP,41.82%,432328,5.65%,58419
Uttar Pradesh[54],42,Kannauj,GEN,Akhilesh Yadav,SP,52.74%,642292,Subrat Pathak,BJP,38.71%,471370,14.03%,170922
Uttar Pradesh[54],43,Kanpur Urban,GEN,Ramesh Awasthi,BJP,49.93%,443055,Alok Mishra,INC,47.56%,422087,2.37%,20968
Uttar Pradesh[54],44,Akbarpur,GEN,Devendra Singh,BJP,47.60%,517423,Raja Ram Pal,SP,43.52%,473078,4.08%,44345
Uttar Pradesh[54],45,Jalaun,(SC),Narayan Das Ahirwar,SP,46.96%,530180,Bhanu Pratap Singh Verma,BJP,42.19%,476282,4.77%,53898
Uttar Pradesh[54],46,Jhansi,GEN,Anurag Sharma,BJP,50%,690316,Pradeep Jain Aditya,INC,42.57%,587702,7.43%,102614
Uttar Pradesh[54],47,Hamirpur,GEN,Ajendra Singh Lodhi,SP,44%,490683,Kunwar Pushpendra Singh Chandel,BJP,43.76%,488054,0.24%,2629
Uttar Pradesh[54],48,Banda,GEN,Krishna Devi Shivshanker Patel,SP,38.94%,406567,R. K. Singh Patel,BJP,32.12%,335357,6.82%,71210
Uttar Pradesh[54],49,Fatehpur,GEN,Naresh Uttam Patel,SP,45.20%,500328,Niranjan Jyoti,BJP,42.20%,467129,3%,33199
Uttar Pradesh[54],50,Kaushambi,(SC),Pushpendra Saroj,SP,50.51%,509787,Vinod Kumar Sonkar,BJP,40.21%,405843,10.30%,103944
Uttar Pradesh[54],51,Phulpur,GEN,Praveen Patel,BJP,44.60%,452600,Amarnath Singh Maurya,SP,44.17%,448268,0.43%,4332
Uttar Pradesh[54],52,Allahabad,GEN,Ujjwal Raman Singh,INC,48.80%,462145,Neeraj Tripathi,BJP,42.59%,403350,6.21%,58795
Uttar Pradesh[54],53,Barabanki,(SC),Tanuj Punia,INC,55.78%,719927,Rajrani Rawat,BJP,39.07%,504223,16.71%,215704
Uttar Pradesh[54],54,Faizabad,GEN,Awadhesh Prasad,SP,48.59%,554289,Lallu Singh,BJP,43.81%,499722,4.78%,54567
Uttar Pradesh[54],55,Ambedkar Nagar,GEN,Lalji Verma,SP,46.30%,544959,Ritesh Pandey,BJP,34.64%,407712,11.66%,137247
Uttar Pradesh[54],56,Bahraich,(SC),Anand Kumar Gond,BJP,49.10%,518802,Ramesh Chandra,SP,43.02%,454575,6.08%,64227
Uttar Pradesh[54],57,Kaiserganj,GEN,Karan Bhushan Singh,BJP,53.79%,571263,Bhagat Ram,SP,39.77%,422420,14.02%,148843
Uttar Pradesh[54],58,Shrawasti,GEN,Ram Shiromani Verma,SP,48.83%,511055,Saket Misra,BJP,41.51%,434382,7.32%,76673
Uttar Pradesh[54],59,Gonda,GEN,Kirti Vardhan Singh,BJP,49.77%,474258,Shreya Verma,SP,44.92%,428034,4.85%,46224
Uttar Pradesh[54],60,Domariyaganj,GEN,Jagdambika Pal,BJP,45.47%,463303,Bhishma Shankar Tiwari,SP,41.27%,420575,4.20%,42728
Uttar Pradesh[54],61,Basti,GEN,Ram Prasad Chaudhary,SP,48.67%,527005,Harish Dwivedi,BJP,39.34%,426011,9.33%,100994
Uttar Pradesh[54],62,Sant Kabir Nagar,GEN,Laxmikant,SP,45.70%,498695,Praveen Kumar Nishad,BJP,37.25%,406525,8.45%,92170
Uttar Pradesh[54],63,Maharajganj,GEN,Pankaj Chaudhary,BJP,48.85%,591310,Virendra Chaudhary,INC,45.92%,555859,2.93%,35451
Uttar Pradesh[54],64,Gorakhpur,GEN,Ravi Kishan,BJP,50.75%,585834,Kajal Nishad,SP,41.78%,482308,8.97%,103526
Uttar Pradesh[54],65,Kushi Nagar,GEN,Vijay Kumar Dubey,BJP,47.79%,516345,Ajay Pratap Singh,SP,40.22%,434555,7.57%,81790
Uttar Pradesh[54],66,Deoria,GEN,Shashank Mani,BJP,48.36%,504541,Akhilesh Pratap Singh,INC,45.02%,469699,3.34%,34842
Uttar Pradesh[54],67,Bansgaon,(SC),Kamlesh Paswan,BJP,45.38%,428693,Sadal Prasad,INC,45.04%,425543,0.34%,3150
Uttar Pradesh[54],68,Lalganj,(SC),Daroga Prasad Saroj,SP,43.85%,439959,Neelam Sonkar,BJP,32.38%,324936,11.47%,115023
Uttar Pradesh[54],69,Azamgarh,GEN,Dharmendra Yadav,SP,48.20%,508239,Dinesh Lal Yadav,BJP,32.93%,347204,15.27%,161035
Uttar Pradesh[54],70,Ghosi,GEN,Rajeev Rai,SP,43.73%,503131,Arvind Rajbhar,SBSP,29.57%,340188,14.16%,162943
Uttar Pradesh[54],71,Salempur,GEN,Ramashankar Rajbhar,SP,44.20%,405472,Ravindra Kushawaha,BJP,43.81%,401899,0.39%,3573
Uttar Pradesh[54],72,Ballia,GEN,Sanatan Pandey,SP,46.37%,467068,Neeraj Shekhar,BJP,42.06%,423684,4.31%,43384
Uttar Pradesh[54],73,Jaunpur,GEN,Babu Singh Kushwaha,SP,46.21%,509130,Kripashankar Singh,BJP,37.19%,409795,9.02%,99335
Uttar Pradesh[54],74,Machhlishahr,(SC),Priya Saroj,SP,42.57%,451292,B. P. Saroj,BJP,39.19%,415442,3.38%,35850
Uttar Pradesh[54],75,Ghazipur,GEN,Afzal Ansari,SP,46.82%,539912,Pars Nath Rai,BJP,35.99%,415051,10.83%,124861
Uttar Pradesh[54],76,Chandauli,GEN,Birendra Singh,SP,42.50%,474476,Mahendra Nath Pandey,BJP,40.57%,452911,1.93%,21565
Uttar Pradesh[54],77,Varanasi,GEN,Narendra Modi,BJP,54.24%,612970,Ajay Rai,INC,40.74%,460457,13.50%,152513
Uttar Pradesh[54],78,Bhadohi,GEN,Vinod Kumar Bind,BJP,42.39%,459982,Laliteshpati Tripathi,AITC,38.33%,415910,4.06%,44072
Uttar Pradesh[54],79,Mirzapur,GEN,Anupriya Patel,AD(S),42.67%,471631,Ramesh Chand Bind,SP,39.25%,433821,3.42%,37810
Uttar Pradesh[54],80,Robertsganj,(SC),Chhotelal,SP,46.14%,465848,Rinki Kol,AD(S),33.34%,336614,12.80%,129234
Uttarakhand[55],1,Tehri Garhwal,GEN,Mala Rajya Lakshmi Shah,BJP,53.66%,462603,Jot Singh Gunsola,INC,22.05%,190110,31.61%,272493
Uttarakhand[55],2,Garhwal,GEN,Anil Baluni,BJP,58.60%,432159,Ganesh Godiyal,INC,36.43%,268656,22.17%,163503
Uttarakhand[55],3,Almora,(SC),Ajay Tamta,BJP,64.20%,429167,Pradeep Tamta,INC,29.18%,195070,35.02%,234097
Uttarakhand[55],4,Nainital-Udhamsingh Nagar,GEN,Ajay Bhatt,BJP,61.03%,772671,Prakash Joshi,INC,34.61%,438123,26.42%,334548
Uttarakhand[55],5,Haridwar,GEN,Trivendra Singh Rawat,BJP,50.19%,653808,Virendra Rawat,INC,37.60%,489752,12.59%,164056
West Bengal[56],1,Cooch Behar,(SC),Jagadish Chandra Barma Basunia,AITC,48.57%,788375,Nisith Pramanik,BJP,46.16%,749125,2.41%,39250
West Bengal[56],2,Alipurduars,(SC),Manoj Tigga,BJP,48.92%,695314,Prakash Chik Baraik,AITC,43.61%,619867,5.31%,75447
West Bengal[56],3,Jalpaiguri,(SC),Jayanta Kumar Roy,BJP,48.57%,766568,Nirmal Chandra Roy,AITC,43.07%,679875,5.50%,86693
West Bengal[56],4,Darjeeling,GEN,Raju Bista,BJP,51.18%,679331,Gopal Lama,AITC,37.73%,500806,13.45%,178525
West Bengal[56],5,Raiganj,GEN,Kartick Chandra Paul,BJP,40.99%,560897,Krishna Kalyani,AITC,36%,492700,4.99%,68197
West Bengal[56],6,Balurghat,GEN,Sukanta Majumdar,BJP,46.47%,574996,Biplab Mitra,AITC,45.63%,564610,0.84%,10386
West Bengal[56],7,Maldaha Uttar,GEN,Khagen Murmu,BJP,37.18%,527023,Prasun Banerjee,AITC,31.70%,449315,5.48%,77708
West Bengal[56],8,Maldaha Dakshin,GEN,Isha Khan Choudhury,INC,41.79%,572395,Sreerupa Mitra Chaudhury,BJP,32.42%,444027,9.37%,128368
West Bengal[56],9,Jangipur,GEN,Khalilur Rahaman,AITC,39.75%,544427,Murtoja Hossain Bokul,INC,31.23%,427790,8.52%,116637
West Bengal[56],10,Baharampur,GEN,Yusuf Pathan,AITC,37.88%,524516,Adhir Ranjan Chowdhury,INC,31.74%,439494,6.14%,85022
West Bengal[56],11,Murshidabad,GEN,Abu Taher Khan,AITC,44.27%,682442,Mohammed Salim,CPI(M),33.62%,518227,10.65%,164215
West Bengal[56],12,Krishnanagar,GEN,Mahua Moitra,AITC,44.10%,628789,Amrita Roy,BJP,40.13%,572084,3.97%,56705
West Bengal[56],13,Ranaghat,(SC),Jagannath Sarkar,BJP,50.78%,782396,Mukut Mani Adhikari,AITC,38.65%,595497,12.13%,186899
West Bengal[56],14,Bangaon,(SC),Shantanu Thakur,BJP,48.19%,719505,Biswajit Das,AITC,43.25%,645812,4.94%,73693
West Bengal[56],15,Barrackpur,GEN,Partha Bhowmick,AITC,45.56%,520231,Arjun Singh,BJP,39.92%,455793,5.64%,64438
West Bengal[56],16,Dum Dum,GEN,Sougata Ray,AITC,41.95%,528579,Silbhadra Datta,BJP,36.34%,457919,5.61%,70660
West Bengal[56],17,Barasat,GEN,Kakoli Ghosh Dastidar,AITC,45.15%,692010,Swapan Majumder,BJP,37.70%,577821,7.45%,114189
West Bengal[56],18,Basirhat,GEN,Sk Nurul Islam,AITC,52.76%,803762,Rekha Patra,BJP,30.87%,470215,21.89%,333547
West Bengal[56],19,Joynagar,(SC),Pratima Mondal,AITC,60.32%,894312,Ashok Kandary,BJP,28.60%,424093,31.72%,470219
West Bengal[56],20,Mathurapur,(SC),Bapi Haldar,AITC,50.52%,755731,Ashok Purkait,BJP,37.08%,554674,13.44%,201057
West Bengal[56],21,Diamond Harbour,GEN,Abhishek Banerjee,AITC,68.48%,1048230,Abhijit Das (Bobby),BJP,22.03%,337300,46.45%,710930
West Bengal[56],22,Jadavpur,GEN,Sayani Ghosh,AITC,45.83%,717899,Dr. Anirban Ganguly,BJP,29.35%,459698,16.48%,258201
West Bengal[56],23,Kolkata Dakshin,GEN,Mala Roy,AITC,49.48%,615274,Debasree Chaudhuri,BJP,34.42%,428043,15.06%,187231
West Bengal[56],24,Kolkata Uttar,GEN,Sudip Bandyopadhyay,AITC,47.44%,454696,Tapas Roy,BJP,37.78%,362136,9.66%,92560
West Bengal[56],25,Howrah,GEN,Prasun Banerjee,AITC,49.26%,626493,Rathin Chakravarty,BJP,35.94%,457051,13.32%,169442
West Bengal[56],26,Uluberia,GEN,Sajda Ahmed,AITC,52.10%,724622,Arunuday Paulchowdhury,BJP,36.38%,505949,15.72%,218673
West Bengal[56],27,Serampore,GEN,Kalyan Banerjee,AITC,45.65%,673970,Kabir Shankar Bose,BJP,33.80%,499140,11.85%,174830
West Bengal[56],28,Hooghly,GEN,Rachna Banerjee,AITC,46.31%,702744,Locket Chatterjee,BJP,41.24%,625891,5.07%,76853
West Bengal[56],29,Arambagh,(SC),Mitali Bag,AITC,45.71%,712587,Arup Kanti Digar,BJP,45.30%,706188,0.41%,6399
West Bengal[56],30,Tamluk,GEN,Abhijit Gangopadhyay,BJP,48.54%,765584,Debangshu Bhattacharya,AITC,43.61%,687851,4.93%,77733
West Bengal[56],31,Kanthi,GEN,Soumendu Adhikari,BJP,49.85%,763195,Uttam Barik,AITC,46.73%,715431,3.12%,47764
West Bengal[56],32,Ghatal,GEN,Deepak Adhikari (Dev),AITC,52.36%,837990,Hiranmoy Chattopadhyaya,BJP,40.93%,655122,11.43%,182868
West Bengal[56],33,Jhargram,(ST),Kalipada Saren,AITC,49.87%,743478,Dr. Pranat Tudu,BJP,38.20%,569430,11.67%,174048
West Bengal[56],34,Medinipur,GEN,June Maliah,AITC,47.40%,702192,Agnimitra Paul,BJP,45.56%,675001,1.84%,27191
West Bengal[56],35,Purulia,GEN,Jyotirmay Singh Mahato,BJP,40.34%,578489,Shantiram Mahato,AITC,39.15%,561410,1.19%,17079
West Bengal[56],36,Bankura,GEN,Arup Chakraborty,AITC,44.33%,641813,Subhas Sarkar,BJP,42.07%,609035,2.26%,32778
West Bengal[56],37,Bishnupur,(SC),Saumitra Khan,BJP,44.93%,680130,Sujata Mondal,AITC,44.56%,674563,0.37%,5567
West Bengal[56],38,Bardhaman Purba,(SC),Sharmila Sarkar,AITC,48.11%,720302,Asim Kumar Sarkar,BJP,37.38%,559730,10.73%,160572
West Bengal[56],39,Bardhaman-Durgapur,GEN,Kirti Azad Jha,AITC,47.99%,720667,Dilip Ghosh,BJP,38.80%,582686,9.19%,137981
West Bengal[56],40,Asansol,GEN,Shatrughan Prasad Sinha,AITC,46.53%,605645,Surendrajeet Singh Ahluwalia,BJP,41.96%,546081,4.57%,59564
West Bengal[56],41,Bolpur,(SC),Asit Kumar Mal,AITC,55.98%,855633,Piya Saha,BJP,34.57%,528380,21.41%,327253
West Bengal[56],42,Birbhum,GEN,Satabdi Roy,AITC,47%,717961,Debtanu Bhattacharya,BJP,34.06%,520311,12.94%,197650
